﻿Название;Жанр;Год;Количество оценок;Средняя оценка;Длительность
Король улиц;комедия;2023;2472;6.2;106
Транзит;боевик;2011;3760;5.5;99
Остров проклятых;триллер;2009;899340;8.5;149
Оборотень;боевик;2013;5932;5.1;107
На линии огня;триллер;2014;9369;6.3;134
Спартанец;драма;2004;6794;6.2;177
Загнанный;криминал;2003;20380;6.8;163
Боксер;спорт;2012;3356;6.1;140
Защитник;триллер;2021;1161;6.0;97
Гонщики на драйве;боевик;2023;15412;6.6;125